{
  "Version": 1,
  "Hash": "7pfPwoMlA5ROp7EG+HDBwCBK3HiP+ruFpciLK/YnMf4=",
  "Source": "EFDemo",
  "BasePath": "_content/EFDemo",
  "Mode": "Default",
  "ManifestType": "Build",
  "ReferencedProjectsConfiguration": [],
  "DiscoveryPatterns": [
    {
      "Name": "EFDemo\\wwwroot",
      "Source": "EFDemo",
      "ContentRoot": "C:\\Users\\partha.bora\\source\\repos\\SpecflowDemo\\EFDemo\\wwwroot\\",
      "BasePath": "_content/EFDemo",
      "Pattern": "**"
    }
  ],
  "Assets": [
    {
      "Identity": "C:\\Users\\partha.bora\\source\\repos\\SpecflowDemo\\EFDemo\\obj\\Debug\\net8.0\\scopedcss\\bundle\\EFDemo.styles.css",
      "SourceId": "EFDemo",
      "SourceType": "Computed",
      "ContentRoot": "C:\\Users\\partha.bora\\source\\repos\\SpecflowDemo\\EFDemo\\obj\\Debug\\net8.0\\scopedcss\\bundle\\",
      "BasePath": "_content/EFDemo",
      "RelativePath": "EFDemo.styles.css",
      "AssetKind": "All",
      "AssetMode": "CurrentProject",
      "AssetRole": "Primary",
      "AssetMergeBehavior": "",
      "AssetMergeSource": "",
      "RelatedAsset": "",
      "AssetTraitName": "ScopedCss",
      "AssetTraitValue": "ApplicationBundle",
      "CopyToOutputDirectory": "Never",
      "CopyToPublishDirectory": "PreserveNewest",
      "OriginalItemSpec": "C:\\Users\\partha.bora\\source\\repos\\SpecflowDemo\\EFDemo\\obj\\Debug\\net8.0\\scopedcss\\bundle\\EFDemo.styles.css"
    },
    {
      "Identity": "C:\\Users\\partha.bora\\source\\repos\\SpecflowDemo\\EFDemo\\obj\\Debug\\net8.0\\scopedcss\\projectbundle\\EFDemo.bundle.scp.css",
      "SourceId": "EFDemo",
      "SourceType": "Computed",
      "ContentRoot": "C:\\Users\\partha.bora\\source\\repos\\SpecflowDemo\\EFDemo\\obj\\Debug\\net8.0\\scopedcss\\projectbundle\\",
      "BasePath": "_content/EFDemo",
      "RelativePath": "EFDemo.bundle.scp.css",
      "AssetKind": "All",
      "AssetMode": "Reference",
      "AssetRole": "Primary",
      "AssetMergeBehavior": "",
      "AssetMergeSource": "",
      "RelatedAsset": "",
      "AssetTraitName": "ScopedCss",
      "AssetTraitValue": "ProjectBundle",
      "CopyToOutputDirectory": "Never",
      "CopyToPublishDirectory": "PreserveNewest",
      "OriginalItemSpec": "C:\\Users\\partha.bora\\source\\repos\\SpecflowDemo\\EFDemo\\obj\\Debug\\net8.0\\scopedcss\\projectbundle\\EFDemo.bundle.scp.css"
    },
    {
      "Identity": "C:\\Users\\partha.bora\\source\\repos\\SpecflowDemo\\EFDemo\\wwwroot\\css\\site.css",
      "SourceId": "EFDemo",
      "SourceType": "Discovered",
      "ContentRoot": "C:\\Users\\partha.bora\\source\\repos\\SpecflowDemo\\EFDemo\\wwwroot\\",
      "BasePath": "_content/EFDemo",
      "RelativePath": "css/site.css",
      "AssetKind": "All",
      "AssetMode": "All",
      "AssetRole": "Primary",
      "AssetMergeBehavior": "PreferTarget",
      "AssetMergeSource": "",
      "RelatedAsset": "",
      "AssetTraitName": "",
      "AssetTraitValue": "",
      "CopyToOutputDirectory": "Never",
      "CopyToPublishDirectory": "PreserveNewest",
      "OriginalItemSpec": "wwwroot\\css\\site.css"
    },
    {
      "Identity": "C:\\Users\\partha.bora\\source\\repos\\SpecflowDemo\\EFDemo\\wwwroot\\favicon.ico",
      "SourceId": "EFDemo",
      "SourceType": "Discovered",
      "ContentRoot": "C:\\Users\\partha.bora\\source\\repos\\SpecflowDemo\\EFDemo\\wwwroot\\",
      "BasePath": "_content/EFDemo",
      "RelativePath": "favicon.ico",
      "AssetKind": "All",
      "AssetMode": "All",
      "AssetRole": "Primary",
      "AssetMergeBehavior": "PreferTarget",
      "AssetMergeSource": "",
      "RelatedAsset": "",
      "AssetTraitName": "",
      "AssetTraitValue": "",
      "CopyToOutputDirectory": "Never",
      "CopyToPublishDirectory": "PreserveNewest",
      "OriginalItemSpec": "wwwroot\\favicon.ico"
    },
    {
      "Identity": "C:\\Users\\partha.bora\\source\\repos\\SpecflowDemo\\EFDemo\\wwwroot\\js\\site.js",
      "SourceId": "EFDemo",
      "SourceType": "Discovered",
      "ContentRoot": "C:\\Users\\partha.bora\\source\\repos\\SpecflowDemo\\EFDemo\\wwwroot\\",
      "BasePath": "_content/EFDemo",
      "RelativePath": "js/site.js",
      "AssetKind": "All",
      "AssetMode": "All",
      "AssetRole": "Primary",
      "AssetMergeBehavior": "PreferTarget",
      "AssetMergeSource": "",
      "RelatedAsset": "",
      "AssetTraitName": "",
      "AssetTraitValue": "",
      "CopyToOutputDirectory": "Never",
      "CopyToPublishDirectory": "PreserveNewest",
      "OriginalItemSpec": "wwwroot\\js\\site.js"
    },
    {
      "Identity": "C:\\Users\\partha.bora\\source\\repos\\SpecflowDemo\\EFDemo\\wwwroot\\lib\\bootstrap\\dist\\css\\bootstrap.css",
      "SourceId": "EFDemo",
      "SourceType": "Discovered",
      "ContentRoot": "C:\\Users\\partha.bora\\source\\repos\\SpecflowDemo\\EFDemo\\wwwroot\\",
      "BasePath": "_content/EFDemo",
      "RelativePath": "lib/bootstrap/dist/css/bootstrap.css",
      "AssetKind": "All",
      "AssetMode": "All",
      "AssetRole": "Primary",
      "AssetMergeBehavior": "PreferTarget",
      "AssetMergeSource": "",
      "RelatedAsset": "",
      "AssetTraitName": "",
      "AssetTraitValue": "",
      "CopyToOutputDirectory": "Never",
      "CopyToPublishDirectory": "PreserveNewest",
      "OriginalItemSpec": "wwwroot\\lib\\bootstrap\\dist\\css\\bootstrap.css"
    },
    {
      "Identity": "C:\\Users\\partha.bora\\source\\repos\\SpecflowDemo\\EFDemo\\wwwroot\\lib\\bootstrap\\dist\\css\\bootstrap.css.map",
      "SourceId": "EFDemo",
      "SourceType": "Discovered",
      "ContentRoot": "C:\\Users\\partha.bora\\source\\repos\\SpecflowDemo\\EFDemo\\wwwroot\\",
      "BasePath": "_content/EFDemo",
      "RelativePath": "lib/bootstrap/dist/css/bootstrap.css.map",
      "AssetKind": "All",
      "AssetMode": "All",
      "AssetRole": "Primary",
      "AssetMergeBehavior": "PreferTarget",
      "AssetMergeSource": "",
      "RelatedAsset": "",
      "AssetTraitName": "",
      "AssetTraitValue": "",
      "CopyToOutputDirectory": "Never",
      "CopyToPublishDirectory": "PreserveNewest",
      "OriginalItemSpec": "wwwroot\\lib\\bootstrap\\dist\\css\\bootstrap.css.map"
    },
    {
      "Identity": "C:\\Users\\partha.bora\\source\\repos\\SpecflowDemo\\EFDemo\\wwwroot\\lib\\bootstrap\\dist\\css\\bootstrap.min.css",
      "SourceId": "EFDemo",
      "SourceType": "Discovered",
      "ContentRoot": "C:\\Users\\partha.bora\\source\\repos\\SpecflowDemo\\EFDemo\\wwwroot\\",
      "BasePath": "_content/EFDemo",
      "RelativePath": "lib/bootstrap/dist/css/bootstrap.min.css",
      "AssetKind": "All",
      "AssetMode": "All",
      "AssetRole": "Primary",
      "AssetMergeBehavior": "PreferTarget",
      "AssetMergeSource": "",
      "RelatedAsset": "",
      "AssetTraitName": "",
      "AssetTraitValue": "",
      "CopyToOutputDirectory": "Never",
      "CopyToPublishDirectory": "PreserveNewest",
      "OriginalItemSpec": "wwwroot\\lib\\bootstrap\\dist\\css\\bootstrap.min.css"
    },
    {
      "Identity": "C:\\Users\\partha.bora\\source\\repos\\SpecflowDemo\\EFDemo\\wwwroot\\lib\\bootstrap\\dist\\css\\bootstrap.min.css.map",
      "SourceId": "EFDemo",
      "SourceType": "Discovered",
      "ContentRoot": "C:\\Users\\partha.bora\\source\\repos\\SpecflowDemo\\EFDemo\\wwwroot\\",
      "BasePath": "_content/EFDemo",
      "RelativePath": "lib/bootstrap/dist/css/bootstrap.min.css.map",
      "AssetKind": "All",
      "AssetMode": "All",
      "AssetRole": "Primary",
      "AssetMergeBehavior": "PreferTarget",
      "AssetMergeSource": "",
      "RelatedAsset": "",
      "AssetTraitName": "",
      "AssetTraitValue": "",
      "CopyToOutputDirectory": "Never",
      "CopyToPublishDirectory": "PreserveNewest",
      "OriginalItemSpec": "wwwroot\\lib\\bootstrap\\dist\\css\\bootstrap.min.css.map"
    },
    {
      "Identity": "C:\\Users\\partha.bora\\source\\repos\\SpecflowDemo\\EFDemo\\wwwroot\\lib\\bootstrap\\dist\\css\\bootstrap.rtl.css",
      "SourceId": "EFDemo",
      "SourceType": "Discovered",
      "ContentRoot": "C:\\Users\\partha.bora\\source\\repos\\SpecflowDemo\\EFDemo\\wwwroot\\",
      "BasePath": "_content/EFDemo",
      "RelativePath": "lib/bootstrap/dist/css/bootstrap.rtl.css",
      "AssetKind": "All",
      "AssetMode": "All",
      "AssetRole": "Primary",
      "AssetMergeBehavior": "PreferTarget",
      "AssetMergeSource": "",
      "RelatedAsset": "",
      "AssetTraitName": "",
      "AssetTraitValue": "",
      "CopyToOutputDirectory": "Never",
      "CopyToPublishDirectory": "PreserveNewest",
      "OriginalItemSpec": "wwwroot\\lib\\bootstrap\\dist\\css\\bootstrap.rtl.css"
    },
    {
      "Identity": "C:\\Users\\partha.bora\\source\\repos\\SpecflowDemo\\EFDemo\\wwwroot\\lib\\bootstrap\\dist\\css\\bootstrap.rtl.css.map",
      "SourceId": "EFDemo",
      "SourceType": "Discovered",
      "ContentRoot": "C:\\Users\\partha.bora\\source\\repos\\SpecflowDemo\\EFDemo\\wwwroot\\",
      "BasePath": "_content/EFDemo",
      "RelativePath": "lib/bootstrap/dist/css/bootstrap.rtl.css.map",
      "AssetKind": "All",
      "AssetMode": "All",
      "AssetRole": "Primary",
      "AssetMergeBehavior": "PreferTarget",
      "AssetMergeSource": "",
      "RelatedAsset": "",
      "AssetTraitName": "",
      "AssetTraitValue": "",
      "CopyToOutputDirectory": "Never",
      "CopyToPublishDirectory": "PreserveNewest",
      "OriginalItemSpec": "wwwroot\\lib\\bootstrap\\dist\\css\\bootstrap.rtl.css.map"
    },
    {
      "Identity": "C:\\Users\\partha.bora\\source\\repos\\SpecflowDemo\\EFDemo\\wwwroot\\lib\\bootstrap\\dist\\css\\bootstrap.rtl.min.css",
      "SourceId": "EFDemo",
      "SourceType": "Discovered",
      "ContentRoot": "C:\\Users\\partha.bora\\source\\repos\\SpecflowDemo\\EFDemo\\wwwroot\\",
      "BasePath": "_content/EFDemo",
      "RelativePath": "lib/bootstrap/dist/css/bootstrap.rtl.min.css",
      "AssetKind": "All",
      "AssetMode": "All",
      "AssetRole": "Primary",
      "AssetMergeBehavior": "PreferTarget",
      "AssetMergeSource": "",
      "RelatedAsset": "",
      "AssetTraitName": "",
      "AssetTraitValue": "",
      "CopyToOutputDirectory": "Never",
      "CopyToPublishDirectory": "PreserveNewest",
      "OriginalItemSpec": "wwwroot\\lib\\bootstrap\\dist\\css\\bootstrap.rtl.min.css"
    },
    {
      "Identity": "C:\\Users\\partha.bora\\source\\repos\\SpecflowDemo\\EFDemo\\wwwroot\\lib\\bootstrap\\dist\\css\\bootstrap.rtl.min.css.map",
      "SourceId": "EFDemo",
      "SourceType": "Discovered",
      "ContentRoot": "C:\\Users\\partha.bora\\source\\repos\\SpecflowDemo\\EFDemo\\wwwroot\\",
      "BasePath": "_content/EFDemo",
      "RelativePath": "lib/bootstrap/dist/css/bootstrap.rtl.min.css.map",
      "AssetKind": "All",
      "AssetMode": "All",
      "AssetRole": "Primary",
      "AssetMergeBehavior": "PreferTarget",
      "AssetMergeSource": "",
      "RelatedAsset": "",
      "AssetTraitName": "",
      "AssetTraitValue": "",
      "CopyToOutputDirectory": "Never",
      "CopyToPublishDirectory": "PreserveNewest",
      "OriginalItemSpec": "wwwroot\\lib\\bootstrap\\dist\\css\\bootstrap.rtl.min.css.map"
    },
    {
      "Identity": "C:\\Users\\partha.bora\\source\\repos\\SpecflowDemo\\EFDemo\\wwwroot\\lib\\bootstrap\\dist\\css\\bootstrap-grid.css",
      "SourceId": "EFDemo",
      "SourceType": "Discovered",
      "ContentRoot": "C:\\Users\\partha.bora\\source\\repos\\SpecflowDemo\\EFDemo\\wwwroot\\",
      "BasePath": "_content/EFDemo",
      "RelativePath": "lib/bootstrap/dist/css/bootstrap-grid.css",
      "AssetKind": "All",
      "AssetMode": "All",
      "AssetRole": "Primary",
      "AssetMergeBehavior": "PreferTarget",
      "AssetMergeSource": "",
      "RelatedAsset": "",
      "AssetTraitName": "",
      "AssetTraitValue": "",
      "CopyToOutputDirectory": "Never",
      "CopyToPublishDirectory": "PreserveNewest",
      "OriginalItemSpec": "wwwroot\\lib\\bootstrap\\dist\\css\\bootstrap-grid.css"
    },
    {
      "Identity": "C:\\Users\\partha.bora\\source\\repos\\SpecflowDemo\\EFDemo\\wwwroot\\lib\\bootstrap\\dist\\css\\bootstrap-grid.css.map",
      "SourceId": "EFDemo",
      "SourceType": "Discovered",
      "ContentRoot": "C:\\Users\\partha.bora\\source\\repos\\SpecflowDemo\\EFDemo\\wwwroot\\",
      "BasePath": "_content/EFDemo",
      "RelativePath": "lib/bootstrap/dist/css/bootstrap-grid.css.map",
      "AssetKind": "All",
      "AssetMode": "All",
      "AssetRole": "Primary",
      "AssetMergeBehavior": "PreferTarget",
      "AssetMergeSource": "",
      "RelatedAsset": "",
      "AssetTraitName": "",
      "AssetTraitValue": "",
      "CopyToOutputDirectory": "Never",
      "CopyToPublishDirectory": "PreserveNewest",
      "OriginalItemSpec": "wwwroot\\lib\\bootstrap\\dist\\css\\bootstrap-grid.css.map"
    },
    {
      "Identity": "C:\\Users\\partha.bora\\source\\repos\\SpecflowDemo\\EFDemo\\wwwroot\\lib\\bootstrap\\dist\\css\\bootstrap-grid.min.css",
      "SourceId": "EFDemo",
      "SourceType": "Discovered",
      "ContentRoot": "C:\\Users\\partha.bora\\source\\repos\\SpecflowDemo\\EFDemo\\wwwroot\\",
      "BasePath": "_content/EFDemo",
      "RelativePath": "lib/bootstrap/dist/css/bootstrap-grid.min.css",
      "AssetKind": "All",
      "AssetMode": "All",
      "AssetRole": "Primary",
      "AssetMergeBehavior": "PreferTarget",
      "AssetMergeSource": "",
      "RelatedAsset": "",
      "AssetTraitName": "",
      "AssetTraitValue": "",
      "CopyToOutputDirectory": "Never",
      "CopyToPublishDirectory": "PreserveNewest",
      "OriginalItemSpec": "wwwroot\\lib\\bootstrap\\dist\\css\\bootstrap-grid.min.css"
    },
    {
      "Identity": "C:\\Users\\partha.bora\\source\\repos\\SpecflowDemo\\EFDemo\\wwwroot\\lib\\bootstrap\\dist\\css\\bootstrap-grid.min.css.map",
      "SourceId": "EFDemo",
      "SourceType": "Discovered",
      "ContentRoot": "C:\\Users\\partha.bora\\source\\repos\\SpecflowDemo\\EFDemo\\wwwroot\\",
      "BasePath": "_content/EFDemo",
      "RelativePath": "lib/bootstrap/dist/css/bootstrap-grid.min.css.map",
      "AssetKind": "All",
      "AssetMode": "All",
      "AssetRole": "Primary",
      "AssetMergeBehavior": "PreferTarget",
      "AssetMergeSource": "",
      "RelatedAsset": "",
      "AssetTraitName": "",
      "AssetTraitValue": "",
      "CopyToOutputDirectory": "Never",
      "CopyToPublishDirectory": "PreserveNewest",
      "OriginalItemSpec": "wwwroot\\lib\\bootstrap\\dist\\css\\bootstrap-grid.min.css.map"
    },
    {
      "Identity": "C:\\Users\\partha.bora\\source\\repos\\SpecflowDemo\\EFDemo\\wwwroot\\lib\\bootstrap\\dist\\css\\bootstrap-grid.rtl.css",
      "SourceId": "EFDemo",
      "SourceType": "Discovered",
      "ContentRoot": "C:\\Users\\partha.bora\\source\\repos\\SpecflowDemo\\EFDemo\\wwwroot\\",
      "BasePath": "_content/EFDemo",
      "RelativePath": "lib/bootstrap/dist/css/bootstrap-grid.rtl.css",
      "AssetKind": "All",
      "AssetMode": "All",
      "AssetRole": "Primary",
      "AssetMergeBehavior": "PreferTarget",
      "AssetMergeSource": "",
      "RelatedAsset": "",
      "AssetTraitName": "",
      "AssetTraitValue": "",
      "CopyToOutputDirectory": "Never",
      "CopyToPublishDirectory": "PreserveNewest",
      "OriginalItemSpec": "wwwroot\\lib\\bootstrap\\dist\\css\\bootstrap-grid.rtl.css"
    },
    {
      "Identity": "C:\\Users\\partha.bora\\source\\repos\\SpecflowDemo\\EFDemo\\wwwroot\\lib\\bootstrap\\dist\\css\\bootstrap-grid.rtl.css.map",
      "SourceId": "EFDemo",
      "SourceType": "Discovered",
      "ContentRoot": "C:\\Users\\partha.bora\\source\\repos\\SpecflowDemo\\EFDemo\\wwwroot\\",
      "BasePath": "_content/EFDemo",
      "RelativePath": "lib/bootstrap/dist/css/bootstrap-grid.rtl.css.map",
      "AssetKind": "All",
      "AssetMode": "All",
      "AssetRole": "Primary",
      "AssetMergeBehavior": "PreferTarget",
      "AssetMergeSource": "",
      "RelatedAsset": "",
      "AssetTraitName": "",
      "AssetTraitValue": "",
      "CopyToOutputDirectory": "Never",
      "CopyToPublishDirectory": "PreserveNewest",
      "OriginalItemSpec": "wwwroot\\lib\\bootstrap\\dist\\css\\bootstrap-grid.rtl.css.map"
    },
    {
      "Identity": "C:\\Users\\partha.bora\\source\\repos\\SpecflowDemo\\EFDemo\\wwwroot\\lib\\bootstrap\\dist\\css\\bootstrap-grid.rtl.min.css",
      "SourceId": "EFDemo",
      "SourceType": "Discovered",
      "ContentRoot": "C:\\Users\\partha.bora\\source\\repos\\SpecflowDemo\\EFDemo\\wwwroot\\",
      "BasePath": "_content/EFDemo",
      "RelativePath": "lib/bootstrap/dist/css/bootstrap-grid.rtl.min.css",
      "AssetKind": "All",
      "AssetMode": "All",
      "AssetRole": "Primary",
      "AssetMergeBehavior": "PreferTarget",
      "AssetMergeSource": "",
      "RelatedAsset": "",
      "AssetTraitName": "",
      "AssetTraitValue": "",
      "CopyToOutputDirectory": "Never",
      "CopyToPublishDirectory": "PreserveNewest",
      "OriginalItemSpec": "wwwroot\\lib\\bootstrap\\dist\\css\\bootstrap-grid.rtl.min.css"
    },
    {
      "Identity": "C:\\Users\\partha.bora\\source\\repos\\SpecflowDemo\\EFDemo\\wwwroot\\lib\\bootstrap\\dist\\css\\bootstrap-grid.rtl.min.css.map",
      "SourceId": "EFDemo",
      "SourceType": "Discovered",
      "ContentRoot": "C:\\Users\\partha.bora\\source\\repos\\SpecflowDemo\\EFDemo\\wwwroot\\",
      "BasePath": "_content/EFDemo",
      "RelativePath": "lib/bootstrap/dist/css/bootstrap-grid.rtl.min.css.map",
      "AssetKind": "All",
      "AssetMode": "All",
      "AssetRole": "Primary",
      "AssetMergeBehavior": "PreferTarget",
      "AssetMergeSource": "",
      "RelatedAsset": "",
      "AssetTraitName": "",
      "AssetTraitValue": "",
      "CopyToOutputDirectory": "Never",
      "CopyToPublishDirectory": "PreserveNewest",
      "OriginalItemSpec": "wwwroot\\lib\\bootstrap\\dist\\css\\bootstrap-grid.rtl.min.css.map"
    },
    {
      "Identity": "C:\\Users\\partha.bora\\source\\repos\\SpecflowDemo\\EFDemo\\wwwroot\\lib\\bootstrap\\dist\\css\\bootstrap-reboot.css",
      "SourceId": "EFDemo",
      "SourceType": "Discovered",
      "ContentRoot": "C:\\Users\\partha.bora\\source\\repos\\SpecflowDemo\\EFDemo\\wwwroot\\",
      "BasePath": "_content/EFDemo",
      "RelativePath": "lib/bootstrap/dist/css/bootstrap-reboot.css",
      "AssetKind": "All",
      "AssetMode": "All",
      "AssetRole": "Primary",
      "AssetMergeBehavior": "PreferTarget",
      "AssetMergeSource": "",
      "RelatedAsset": "",
      "AssetTraitName": "",
      "AssetTraitValue": "",
      "CopyToOutputDirectory": "Never",
      "CopyToPublishDirectory": "PreserveNewest",
      "OriginalItemSpec": "wwwroot\\lib\\bootstrap\\dist\\css\\bootstrap-reboot.css"
    },
    {
      "Identity": "C:\\Users\\partha.bora\\source\\repos\\SpecflowDemo\\EFDemo\\wwwroot\\lib\\bootstrap\\dist\\css\\bootstrap-reboot.css.map",
      "SourceId": "EFDemo",
      "SourceType": "Discovered",
      "ContentRoot": "C:\\Users\\partha.bora\\source\\repos\\SpecflowDemo\\EFDemo\\wwwroot\\",
      "BasePath": "_content/EFDemo",
      "RelativePath": "lib/bootstrap/dist/css/bootstrap-reboot.css.map",
      "AssetKind": "All",
      "AssetMode": "All",
      "AssetRole": "Primary",
      "AssetMergeBehavior": "PreferTarget",
      "AssetMergeSource": "",
      "RelatedAsset": "",
      "AssetTraitName": "",
      "AssetTraitValue": "",
      "CopyToOutputDirectory": "Never",
      "CopyToPublishDirectory": "PreserveNewest",
      "OriginalItemSpec": "wwwroot\\lib\\bootstrap\\dist\\css\\bootstrap-reboot.css.map"
    },
    {
      "Identity": "C:\\Users\\partha.bora\\source\\repos\\SpecflowDemo\\EFDemo\\wwwroot\\lib\\bootstrap\\dist\\css\\bootstrap-reboot.min.css",
      "SourceId": "EFDemo",
      "SourceType": "Discovered",
      "ContentRoot": "C:\\Users\\partha.bora\\source\\repos\\SpecflowDemo\\EFDemo\\wwwroot\\",
      "BasePath": "_content/EFDemo",
      "RelativePath": "lib/bootstrap/dist/css/bootstrap-reboot.min.css",
      "AssetKind": "All",
      "AssetMode": "All",
      "AssetRole": "Primary",
      "AssetMergeBehavior": "PreferTarget",
      "AssetMergeSource": "",
      "RelatedAsset": "",
      "AssetTraitName": "",
      "AssetTraitValue": "",
      "CopyToOutputDirectory": "Never",
      "CopyToPublishDirectory": "PreserveNewest",
      "OriginalItemSpec": "wwwroot\\lib\\bootstrap\\dist\\css\\bootstrap-reboot.min.css"
    },
    {
      "Identity": "C:\\Users\\partha.bora\\source\\repos\\SpecflowDemo\\EFDemo\\wwwroot\\lib\\bootstrap\\dist\\css\\bootstrap-reboot.min.css.map",
      "SourceId": "EFDemo",
      "SourceType": "Discovered",
      "ContentRoot": "C:\\Users\\partha.bora\\source\\repos\\SpecflowDemo\\EFDemo\\wwwroot\\",
      "BasePath": "_content/EFDemo",
      "RelativePath": "lib/bootstrap/dist/css/bootstrap-reboot.min.css.map",
      "AssetKind": "All",
      "AssetMode": "All",
      "AssetRole": "Primary",
      "AssetMergeBehavior": "PreferTarget",
      "AssetMergeSource": "",
      "RelatedAsset": "",
      "AssetTraitName": "",
      "AssetTraitValue": "",
      "CopyToOutputDirectory": "Never",
      "CopyToPublishDirectory": "PreserveNewest",
      "OriginalItemSpec": "wwwroot\\lib\\bootstrap\\dist\\css\\bootstrap-reboot.min.css.map"
    },
    {
      "Identity": "C:\\Users\\partha.bora\\source\\repos\\SpecflowDemo\\EFDemo\\wwwroot\\lib\\bootstrap\\dist\\css\\bootstrap-reboot.rtl.css",
      "SourceId": "EFDemo",
      "SourceType": "Discovered",
      "ContentRoot": "C:\\Users\\partha.bora\\source\\repos\\SpecflowDemo\\EFDemo\\wwwroot\\",
      "BasePath": "_content/EFDemo",
      "RelativePath": "lib/bootstrap/dist/css/bootstrap-reboot.rtl.css",
      "AssetKind": "All",
      "AssetMode": "All",
      "AssetRole": "Primary",
      "AssetMergeBehavior": "PreferTarget",
      "AssetMergeSource": "",
      "RelatedAsset": "",
      "AssetTraitName": "",
      "AssetTraitValue": "",
      "CopyToOutputDirectory": "Never",
      "CopyToPublishDirectory": "PreserveNewest",
      "OriginalItemSpec": "wwwroot\\lib\\bootstrap\\dist\\css\\bootstrap-reboot.rtl.css"
    },
    {
      "Identity": "C:\\Users\\partha.bora\\source\\repos\\SpecflowDemo\\EFDemo\\wwwroot\\lib\\bootstrap\\dist\\css\\bootstrap-reboot.rtl.css.map",
      "SourceId": "EFDemo",
      "SourceType": "Discovered",
      "ContentRoot": "C:\\Users\\partha.bora\\source\\repos\\SpecflowDemo\\EFDemo\\wwwroot\\",
      "BasePath": "_content/EFDemo",
      "RelativePath": "lib/bootstrap/dist/css/bootstrap-reboot.rtl.css.map",
      "AssetKind": "All",
      "AssetMode": "All",
      "AssetRole": "Primary",
      "AssetMergeBehavior": "PreferTarget",
      "AssetMergeSource": "",
      "RelatedAsset": "",
      "AssetTraitName": "",
      "AssetTraitValue": "",
      "CopyToOutputDirectory": "Never",
      "CopyToPublishDirectory": "PreserveNewest",
      "OriginalItemSpec": "wwwroot\\lib\\bootstrap\\dist\\css\\bootstrap-reboot.rtl.css.map"
    },
    {
      "Identity": "C:\\Users\\partha.bora\\source\\repos\\SpecflowDemo\\EFDemo\\wwwroot\\lib\\bootstrap\\dist\\css\\bootstrap-reboot.rtl.min.css",
      "SourceId": "EFDemo",
      "SourceType": "Discovered",
      "ContentRoot": "C:\\Users\\partha.bora\\source\\repos\\SpecflowDemo\\EFDemo\\wwwroot\\",
      "BasePath": "_content/EFDemo",
      "RelativePath": "lib/bootstrap/dist/css/bootstrap-reboot.rtl.min.css",
      "AssetKind": "All",
      "AssetMode": "All",
      "AssetRole": "Primary",
      "AssetMergeBehavior": "PreferTarget",
      "AssetMergeSource": "",
      "RelatedAsset": "",
      "AssetTraitName": "",
      "AssetTraitValue": "",
      "CopyToOutputDirectory": "Never",
      "CopyToPublishDirectory": "PreserveNewest",
      "OriginalItemSpec": "wwwroot\\lib\\bootstrap\\dist\\css\\bootstrap-reboot.rtl.min.css"
    },
    {
      "Identity": "C:\\Users\\partha.bora\\source\\repos\\SpecflowDemo\\EFDemo\\wwwroot\\lib\\bootstrap\\dist\\css\\bootstrap-reboot.rtl.min.css.map",
      "SourceId": "EFDemo",
      "SourceType": "Discovered",
      "ContentRoot": "C:\\Users\\partha.bora\\source\\repos\\SpecflowDemo\\EFDemo\\wwwroot\\",
      "BasePath": "_content/EFDemo",
      "RelativePath": "lib/bootstrap/dist/css/bootstrap-reboot.rtl.min.css.map",
      "AssetKind": "All",
      "AssetMode": "All",
      "AssetRole": "Primary",
      "AssetMergeBehavior": "PreferTarget",
      "AssetMergeSource": "",
      "RelatedAsset": "",
      "AssetTraitName": "",
      "AssetTraitValue": "",
      "CopyToOutputDirectory": "Never",
      "CopyToPublishDirectory": "PreserveNewest",
      "OriginalItemSpec": "wwwroot\\lib\\bootstrap\\dist\\css\\bootstrap-reboot.rtl.min.css.map"
    },
    {
      "Identity": "C:\\Users\\partha.bora\\source\\repos\\SpecflowDemo\\EFDemo\\wwwroot\\lib\\bootstrap\\dist\\css\\bootstrap-utilities.css",
      "SourceId": "EFDemo",
      "SourceType": "Discovered",
      "ContentRoot": "C:\\Users\\partha.bora\\source\\repos\\SpecflowDemo\\EFDemo\\wwwroot\\",
      "BasePath": "_content/EFDemo",
      "RelativePath": "lib/bootstrap/dist/css/bootstrap-utilities.css",
      "AssetKind": "All",
      "AssetMode": "All",
      "AssetRole": "Primary",
      "AssetMergeBehavior": "PreferTarget",
      "AssetMergeSource": "",
      "RelatedAsset": "",
      "AssetTraitName": "",
      "AssetTraitValue": "",
      "CopyToOutputDirectory": "Never",
      "CopyToPublishDirectory": "PreserveNewest",
      "OriginalItemSpec": "wwwroot\\lib\\bootstrap\\dist\\css\\bootstrap-utilities.css"
    },
    {
      "Identity": "C:\\Users\\partha.bora\\source\\repos\\SpecflowDemo\\EFDemo\\wwwroot\\lib\\bootstrap\\dist\\css\\bootstrap-utilities.css.map",
      "SourceId": "EFDemo",
      "SourceType": "Discovered",
      "ContentRoot": "C:\\Users\\partha.bora\\source\\repos\\SpecflowDemo\\EFDemo\\wwwroot\\",
      "BasePath": "_content/EFDemo",
      "RelativePath": "lib/bootstrap/dist/css/bootstrap-utilities.css.map",
      "AssetKind": "All",
      "AssetMode": "All",
      "AssetRole": "Primary",
      "AssetMergeBehavior": "PreferTarget",
      "AssetMergeSource": "",
      "RelatedAsset": "",
      "AssetTraitName": "",
      "AssetTraitValue": "",
      "CopyToOutputDirectory": "Never",
      "CopyToPublishDirectory": "PreserveNewest",
      "OriginalItemSpec": "wwwroot\\lib\\bootstrap\\dist\\css\\bootstrap-utilities.css.map"
    },
    {
      "Identity": "C:\\Users\\partha.bora\\source\\repos\\SpecflowDemo\\EFDemo\\wwwroot\\lib\\bootstrap\\dist\\css\\bootstrap-utilities.min.css",
      "SourceId": "EFDemo",
      "SourceType": "Discovered",
      "ContentRoot": "C:\\Users\\partha.bora\\source\\repos\\SpecflowDemo\\EFDemo\\wwwroot\\",
      "BasePath": "_content/EFDemo",
      "RelativePath": "lib/bootstrap/dist/css/bootstrap-utilities.min.css",
      "AssetKind": "All",
      "AssetMode": "All",
      "AssetRole": "Primary",
      "AssetMergeBehavior": "PreferTarget",
      "AssetMergeSource": "",
      "RelatedAsset": "",
      "AssetTraitName": "",
      "AssetTraitValue": "",
      "CopyToOutputDirectory": "Never",
      "CopyToPublishDirectory": "PreserveNewest",
      "OriginalItemSpec": "wwwroot\\lib\\bootstrap\\dist\\css\\bootstrap-utilities.min.css"
    },
    {
      "Identity": "C:\\Users\\partha.bora\\source\\repos\\SpecflowDemo\\EFDemo\\wwwroot\\lib\\bootstrap\\dist\\css\\bootstrap-utilities.min.css.map",
      "SourceId": "EFDemo",
      "SourceType": "Discovered",
      "ContentRoot": "C:\\Users\\partha.bora\\source\\repos\\SpecflowDemo\\EFDemo\\wwwroot\\",
      "BasePath": "_content/EFDemo",
      "RelativePath": "lib/bootstrap/dist/css/bootstrap-utilities.min.css.map",
      "AssetKind": "All",
      "AssetMode": "All",
      "AssetRole": "Primary",
      "AssetMergeBehavior": "PreferTarget",
      "AssetMergeSource": "",
      "RelatedAsset": "",
      "AssetTraitName": "",
      "AssetTraitValue": "",
      "CopyToOutputDirectory": "Never",
      "CopyToPublishDirectory": "PreserveNewest",
      "OriginalItemSpec": "wwwroot\\lib\\bootstrap\\dist\\css\\bootstrap-utilities.min.css.map"
    },
    {
      "Identity": "C:\\Users\\partha.bora\\source\\repos\\SpecflowDemo\\EFDemo\\wwwroot\\lib\\bootstrap\\dist\\css\\bootstrap-utilities.rtl.css",
      "SourceId": "EFDemo",
      "SourceType": "Discovered",
      "ContentRoot": "C:\\Users\\partha.bora\\source\\repos\\SpecflowDemo\\EFDemo\\wwwroot\\",
      "BasePath": "_content/EFDemo",
      "RelativePath": "lib/bootstrap/dist/css/bootstrap-utilities.rtl.css",
      "AssetKind": "All",
      "AssetMode": "All",
      "AssetRole": "Primary",
      "AssetMergeBehavior": "PreferTarget",
      "AssetMergeSource": "",
      "RelatedAsset": "",
      "AssetTraitName": "",
      "AssetTraitValue": "",
      "CopyToOutputDirectory": "Never",
      "CopyToPublishDirectory": "PreserveNewest",
      "OriginalItemSpec": "wwwroot\\lib\\bootstrap\\dist\\css\\bootstrap-utilities.rtl.css"
    },
    {
      "Identity": "C:\\Users\\partha.bora\\source\\repos\\SpecflowDemo\\EFDemo\\wwwroot\\lib\\bootstrap\\dist\\css\\bootstrap-utilities.rtl.css.map",
      "SourceId": "EFDemo",
      "SourceType": "Discovered",
      "ContentRoot": "C:\\Users\\partha.bora\\source\\repos\\SpecflowDemo\\EFDemo\\wwwroot\\",
      "BasePath": "_content/EFDemo",
      "RelativePath": "lib/bootstrap/dist/css/bootstrap-utilities.rtl.css.map",
      "AssetKind": "All",
      "AssetMode": "All",
      "AssetRole": "Primary",
      "AssetMergeBehavior": "PreferTarget",
      "AssetMergeSource": "",
      "RelatedAsset": "",
      "AssetTraitName": "",
      "AssetTraitValue": "",
      "CopyToOutputDirectory": "Never",
      "CopyToPublishDirectory": "PreserveNewest",
      "OriginalItemSpec": "wwwroot\\lib\\bootstrap\\dist\\css\\bootstrap-utilities.rtl.css.map"
    },
    {
      "Identity": "C:\\Users\\partha.bora\\source\\repos\\SpecflowDemo\\EFDemo\\wwwroot\\lib\\bootstrap\\dist\\css\\bootstrap-utilities.rtl.min.css",
      "SourceId": "EFDemo",
      "SourceType": "Discovered",
      "ContentRoot": "C:\\Users\\partha.bora\\source\\repos\\SpecflowDemo\\EFDemo\\wwwroot\\",
      "BasePath": "_content/EFDemo",
      "RelativePath": "lib/bootstrap/dist/css/bootstrap-utilities.rtl.min.css",
      "AssetKind": "All",
      "AssetMode": "All",
      "AssetRole": "Primary",
      "AssetMergeBehavior": "PreferTarget",
      "AssetMergeSource": "",
      "RelatedAsset": "",
      "AssetTraitName": "",
      "AssetTraitValue": "",
      "CopyToOutputDirectory": "Never",
      "CopyToPublishDirectory": "PreserveNewest",
      "OriginalItemSpec": "wwwroot\\lib\\bootstrap\\dist\\css\\bootstrap-utilities.rtl.min.css"
    },
    {
      "Identity": "C:\\Users\\partha.bora\\source\\repos\\SpecflowDemo\\EFDemo\\wwwroot\\lib\\bootstrap\\dist\\css\\bootstrap-utilities.rtl.min.css.map",
      "SourceId": "EFDemo",
      "SourceType": "Discovered",
      "ContentRoot": "C:\\Users\\partha.bora\\source\\repos\\SpecflowDemo\\EFDemo\\wwwroot\\",
      "BasePath": "_content/EFDemo",
      "RelativePath": "lib/bootstrap/dist/css/bootstrap-utilities.rtl.min.css.map",
      "AssetKind": "All",
      "AssetMode": "All",
      "AssetRole": "Primary",
      "AssetMergeBehavior": "PreferTarget",
      "AssetMergeSource": "",
      "RelatedAsset": "",
      "AssetTraitName": "",
      "AssetTraitValue": "",
      "CopyToOutputDirectory": "Never",
      "CopyToPublishDirectory": "PreserveNewest",
      "OriginalItemSpec": "wwwroot\\lib\\bootstrap\\dist\\css\\bootstrap-utilities.rtl.min.css.map"
    },
    {
      "Identity": "C:\\Users\\partha.bora\\source\\repos\\SpecflowDemo\\EFDemo\\wwwroot\\lib\\bootstrap\\dist\\js\\bootstrap.bundle.js",
      "SourceId": "EFDemo",
      "SourceType": "Discovered",
      "ContentRoot": "C:\\Users\\partha.bora\\source\\repos\\SpecflowDemo\\EFDemo\\wwwroot\\",
      "BasePath": "_content/EFDemo",
      "RelativePath": "lib/bootstrap/dist/js/bootstrap.bundle.js",
      "AssetKind": "All",
      "AssetMode": "All",
      "AssetRole": "Primary",
      "AssetMergeBehavior": "PreferTarget",
      "AssetMergeSource": "",
      "RelatedAsset": "",
      "AssetTraitName": "",
      "AssetTraitValue": "",
      "CopyToOutputDirectory": "Never",
      "CopyToPublishDirectory": "PreserveNewest",
      "OriginalItemSpec": "wwwroot\\lib\\bootstrap\\dist\\js\\bootstrap.bundle.js"
    },
    {
      "Identity": "C:\\Users\\partha.bora\\source\\repos\\SpecflowDemo\\EFDemo\\wwwroot\\lib\\bootstrap\\dist\\js\\bootstrap.bundle.js.map",
      "SourceId": "EFDemo",
      "SourceType": "Discovered",
      "ContentRoot": "C:\\Users\\partha.bora\\source\\repos\\SpecflowDemo\\EFDemo\\wwwroot\\",
      "BasePath": "_content/EFDemo",
      "RelativePath": "lib/bootstrap/dist/js/bootstrap.bundle.js.map",
      "AssetKind": "All",
      "AssetMode": "All",
      "AssetRole": "Primary",
      "AssetMergeBehavior": "PreferTarget",
      "AssetMergeSource": "",
      "RelatedAsset": "",
      "AssetTraitName": "",
      "AssetTraitValue": "",
      "CopyToOutputDirectory": "Never",
      "CopyToPublishDirectory": "PreserveNewest",
      "OriginalItemSpec": "wwwroot\\lib\\bootstrap\\dist\\js\\bootstrap.bundle.js.map"
    },
    {
      "Identity": "C:\\Users\\partha.bora\\source\\repos\\SpecflowDemo\\EFDemo\\wwwroot\\lib\\bootstrap\\dist\\js\\bootstrap.bundle.min.js",
      "SourceId": "EFDemo",
      "SourceType": "Discovered",
      "ContentRoot": "C:\\Users\\partha.bora\\source\\repos\\SpecflowDemo\\EFDemo\\wwwroot\\",
      "BasePath": "_content/EFDemo",
      "RelativePath": "lib/bootstrap/dist/js/bootstrap.bundle.min.js",
      "AssetKind": "All",
      "AssetMode": "All",
      "AssetRole": "Primary",
      "AssetMergeBehavior": "PreferTarget",
      "AssetMergeSource": "",
      "RelatedAsset": "",
      "AssetTraitName": "",
      "AssetTraitValue": "",
      "CopyToOutputDirectory": "Never",
      "CopyToPublishDirectory": "PreserveNewest",
      "OriginalItemSpec": "wwwroot\\lib\\bootstrap\\dist\\js\\bootstrap.bundle.min.js"
    },
    {
      "Identity": "C:\\Users\\partha.bora\\source\\repos\\SpecflowDemo\\EFDemo\\wwwroot\\lib\\bootstrap\\dist\\js\\bootstrap.bundle.min.js.map",
      "SourceId": "EFDemo",
      "SourceType": "Discovered",
      "ContentRoot": "C:\\Users\\partha.bora\\source\\repos\\SpecflowDemo\\EFDemo\\wwwroot\\",
      "BasePath": "_content/EFDemo",
      "RelativePath": "lib/bootstrap/dist/js/bootstrap.bundle.min.js.map",
      "AssetKind": "All",
      "AssetMode": "All",
      "AssetRole": "Primary",
      "AssetMergeBehavior": "PreferTarget",
      "AssetMergeSource": "",
      "RelatedAsset": "",
      "AssetTraitName": "",
      "AssetTraitValue": "",
      "CopyToOutputDirectory": "Never",
      "CopyToPublishDirectory": "PreserveNewest",
      "OriginalItemSpec": "wwwroot\\lib\\bootstrap\\dist\\js\\bootstrap.bundle.min.js.map"
    },
    {
      "Identity": "C:\\Users\\partha.bora\\source\\repos\\SpecflowDemo\\EFDemo\\wwwroot\\lib\\bootstrap\\dist\\js\\bootstrap.esm.js",
      "SourceId": "EFDemo",
      "SourceType": "Discovered",
      "ContentRoot": "C:\\Users\\partha.bora\\source\\repos\\SpecflowDemo\\EFDemo\\wwwroot\\",
      "BasePath": "_content/EFDemo",
      "RelativePath": "lib/bootstrap/dist/js/bootstrap.esm.js",
      "AssetKind": "All",
      "AssetMode": "All",
      "AssetRole": "Primary",
      "AssetMergeBehavior": "PreferTarget",
      "AssetMergeSource": "",
      "RelatedAsset": "",
      "AssetTraitName": "",
      "AssetTraitValue": "",
      "CopyToOutputDirectory": "Never",
      "CopyToPublishDirectory": "PreserveNewest",
      "OriginalItemSpec": "wwwroot\\lib\\bootstrap\\dist\\js\\bootstrap.esm.js"
    },
    {
      "Identity": "C:\\Users\\partha.bora\\source\\repos\\SpecflowDemo\\EFDemo\\wwwroot\\lib\\bootstrap\\dist\\js\\bootstrap.esm.js.map",
      "SourceId": "EFDemo",
      "SourceType": "Discovered",
      "ContentRoot": "C:\\Users\\partha.bora\\source\\repos\\SpecflowDemo\\EFDemo\\wwwroot\\",
      "BasePath": "_content/EFDemo",
      "RelativePath": "lib/bootstrap/dist/js/bootstrap.esm.js.map",
      "AssetKind": "All",
      "AssetMode": "All",
      "AssetRole": "Primary",
      "AssetMergeBehavior": "PreferTarget",
      "AssetMergeSource": "",
      "RelatedAsset": "",
      "AssetTraitName": "",
      "AssetTraitValue": "",
      "CopyToOutputDirectory": "Never",
      "CopyToPublishDirectory": "PreserveNewest",
      "OriginalItemSpec": "wwwroot\\lib\\bootstrap\\dist\\js\\bootstrap.esm.js.map"
    },
    {
      "Identity": "C:\\Users\\partha.bora\\source\\repos\\SpecflowDemo\\EFDemo\\wwwroot\\lib\\bootstrap\\dist\\js\\bootstrap.esm.min.js",
      "SourceId": "EFDemo",
      "SourceType": "Discovered",
      "ContentRoot": "C:\\Users\\partha.bora\\source\\repos\\SpecflowDemo\\EFDemo\\wwwroot\\",
      "BasePath": "_content/EFDemo",
      "RelativePath": "lib/bootstrap/dist/js/bootstrap.esm.min.js",
      "AssetKind": "All",
      "AssetMode": "All",
      "AssetRole": "Primary",
      "AssetMergeBehavior": "PreferTarget",
      "AssetMergeSource": "",
      "RelatedAsset": "",
      "AssetTraitName": "",
      "AssetTraitValue": "",
      "CopyToOutputDirectory": "Never",
      "CopyToPublishDirectory": "PreserveNewest",
      "OriginalItemSpec": "wwwroot\\lib\\bootstrap\\dist\\js\\bootstrap.esm.min.js"
    },
    {
      "Identity": "C:\\Users\\partha.bora\\source\\repos\\SpecflowDemo\\EFDemo\\wwwroot\\lib\\bootstrap\\dist\\js\\bootstrap.esm.min.js.map",
      "SourceId": "EFDemo",
      "SourceType": "Discovered",
      "ContentRoot": "C:\\Users\\partha.bora\\source\\repos\\SpecflowDemo\\EFDemo\\wwwroot\\",
      "BasePath": "_content/EFDemo",
      "RelativePath": "lib/bootstrap/dist/js/bootstrap.esm.min.js.map",
      "AssetKind": "All",
      "AssetMode": "All",
      "AssetRole": "Primary",
      "AssetMergeBehavior": "PreferTarget",
      "AssetMergeSource": "",
      "RelatedAsset": "",
      "AssetTraitName": "",
      "AssetTraitValue": "",
      "CopyToOutputDirectory": "Never",
      "CopyToPublishDirectory": "PreserveNewest",
      "OriginalItemSpec": "wwwroot\\lib\\bootstrap\\dist\\js\\bootstrap.esm.min.js.map"
    },
    {
      "Identity": "C:\\Users\\partha.bora\\source\\repos\\SpecflowDemo\\EFDemo\\wwwroot\\lib\\bootstrap\\dist\\js\\bootstrap.js",
      "SourceId": "EFDemo",
      "SourceType": "Discovered",
      "ContentRoot": "C:\\Users\\partha.bora\\source\\repos\\SpecflowDemo\\EFDemo\\wwwroot\\",
      "BasePath": "_content/EFDemo",
      "RelativePath": "lib/bootstrap/dist/js/bootstrap.js",
      "AssetKind": "All",
      "AssetMode": "All",
      "AssetRole": "Primary",
      "AssetMergeBehavior": "PreferTarget",
      "AssetMergeSource": "",
      "RelatedAsset": "",
      "AssetTraitName": "",
      "AssetTraitValue": "",
      "CopyToOutputDirectory": "Never",
      "CopyToPublishDirectory": "PreserveNewest",
      "OriginalItemSpec": "wwwroot\\lib\\bootstrap\\dist\\js\\bootstrap.js"
    },
    {
      "Identity": "C:\\Users\\partha.bora\\source\\repos\\SpecflowDemo\\EFDemo\\wwwroot\\lib\\bootstrap\\dist\\js\\bootstrap.js.map",
      "SourceId": "EFDemo",
      "SourceType": "Discovered",
      "ContentRoot": "C:\\Users\\partha.bora\\source\\repos\\SpecflowDemo\\EFDemo\\wwwroot\\",
      "BasePath": "_content/EFDemo",
      "RelativePath": "lib/bootstrap/dist/js/bootstrap.js.map",
      "AssetKind": "All",
      "AssetMode": "All",
      "AssetRole": "Primary",
      "AssetMergeBehavior": "PreferTarget",
      "AssetMergeSource": "",
      "RelatedAsset": "",
      "AssetTraitName": "",
      "AssetTraitValue": "",
      "CopyToOutputDirectory": "Never",
      "CopyToPublishDirectory": "PreserveNewest",
      "OriginalItemSpec": "wwwroot\\lib\\bootstrap\\dist\\js\\bootstrap.js.map"
    },
    {
      "Identity": "C:\\Users\\partha.bora\\source\\repos\\SpecflowDemo\\EFDemo\\wwwroot\\lib\\bootstrap\\dist\\js\\bootstrap.min.js",
      "SourceId": "EFDemo",
      "SourceType": "Discovered",
      "ContentRoot": "C:\\Users\\partha.bora\\source\\repos\\SpecflowDemo\\EFDemo\\wwwroot\\",
      "BasePath": "_content/EFDemo",
      "RelativePath": "lib/bootstrap/dist/js/bootstrap.min.js",
      "AssetKind": "All",
      "AssetMode": "All",
      "AssetRole": "Primary",
      "AssetMergeBehavior": "PreferTarget",
      "AssetMergeSource": "",
      "RelatedAsset": "",
      "AssetTraitName": "",
      "AssetTraitValue": "",
      "CopyToOutputDirectory": "Never",
      "CopyToPublishDirectory": "PreserveNewest",
      "OriginalItemSpec": "wwwroot\\lib\\bootstrap\\dist\\js\\bootstrap.min.js"
    },
    {
      "Identity": "C:\\Users\\partha.bora\\source\\repos\\SpecflowDemo\\EFDemo\\wwwroot\\lib\\bootstrap\\dist\\js\\bootstrap.min.js.map",
      "SourceId": "EFDemo",
      "SourceType": "Discovered",
      "ContentRoot": "C:\\Users\\partha.bora\\source\\repos\\SpecflowDemo\\EFDemo\\wwwroot\\",
      "BasePath": "_content/EFDemo",
      "RelativePath": "lib/bootstrap/dist/js/bootstrap.min.js.map",
      "AssetKind": "All",
      "AssetMode": "All",
      "AssetRole": "Primary",
      "AssetMergeBehavior": "PreferTarget",
      "AssetMergeSource": "",
      "RelatedAsset": "",
      "AssetTraitName": "",
      "AssetTraitValue": "",
      "CopyToOutputDirectory": "Never",
      "CopyToPublishDirectory": "PreserveNewest",
      "OriginalItemSpec": "wwwroot\\lib\\bootstrap\\dist\\js\\bootstrap.min.js.map"
    },
    {
      "Identity": "C:\\Users\\partha.bora\\source\\repos\\SpecflowDemo\\EFDemo\\wwwroot\\lib\\bootstrap\\LICENSE",
      "SourceId": "EFDemo",
      "SourceType": "Discovered",
      "ContentRoot": "C:\\Users\\partha.bora\\source\\repos\\SpecflowDemo\\EFDemo\\wwwroot\\",
      "BasePath": "_content/EFDemo",
      "RelativePath": "lib/bootstrap/LICENSE",
      "AssetKind": "All",
      "AssetMode": "All",
      "AssetRole": "Primary",
      "AssetMergeBehavior": "PreferTarget",
      "AssetMergeSource": "",
      "RelatedAsset": "",
      "AssetTraitName": "",
      "AssetTraitValue": "",
      "CopyToOutputDirectory": "Never",
      "CopyToPublishDirectory": "PreserveNewest",
      "OriginalItemSpec": "wwwroot\\lib\\bootstrap\\LICENSE"
    },
    {
      "Identity": "C:\\Users\\partha.bora\\source\\repos\\SpecflowDemo\\EFDemo\\wwwroot\\lib\\jquery\\dist\\jquery.js",
      "SourceId": "EFDemo",
      "SourceType": "Discovered",
      "ContentRoot": "C:\\Users\\partha.bora\\source\\repos\\SpecflowDemo\\EFDemo\\wwwroot\\",
      "BasePath": "_content/EFDemo",
      "RelativePath": "lib/jquery/dist/jquery.js",
      "AssetKind": "All",
      "AssetMode": "All",
      "AssetRole": "Primary",
      "AssetMergeBehavior": "PreferTarget",
      "AssetMergeSource": "",
      "RelatedAsset": "",
      "AssetTraitName": "",
      "AssetTraitValue": "",
      "CopyToOutputDirectory": "Never",
      "CopyToPublishDirectory": "PreserveNewest",
      "OriginalItemSpec": "wwwroot\\lib\\jquery\\dist\\jquery.js"
    },
    {
      "Identity": "C:\\Users\\partha.bora\\source\\repos\\SpecflowDemo\\EFDemo\\wwwroot\\lib\\jquery\\dist\\jquery.min.js",
      "SourceId": "EFDemo",
      "SourceType": "Discovered",
      "ContentRoot": "C:\\Users\\partha.bora\\source\\repos\\SpecflowDemo\\EFDemo\\wwwroot\\",
      "BasePath": "_content/EFDemo",
      "RelativePath": "lib/jquery/dist/jquery.min.js",
      "AssetKind": "All",
      "AssetMode": "All",
      "AssetRole": "Primary",
      "AssetMergeBehavior": "PreferTarget",
      "AssetMergeSource": "",
      "RelatedAsset": "",
      "AssetTraitName": "",
      "AssetTraitValue": "",
      "CopyToOutputDirectory": "Never",
      "CopyToPublishDirectory": "PreserveNewest",
      "OriginalItemSpec": "wwwroot\\lib\\jquery\\dist\\jquery.min.js"
    },
    {
      "Identity": "C:\\Users\\partha.bora\\source\\repos\\SpecflowDemo\\EFDemo\\wwwroot\\lib\\jquery\\dist\\jquery.min.map",
      "SourceId": "EFDemo",
      "SourceType": "Discovered",
      "ContentRoot": "C:\\Users\\partha.bora\\source\\repos\\SpecflowDemo\\EFDemo\\wwwroot\\",
      "BasePath": "_content/EFDemo",
      "RelativePath": "lib/jquery/dist/jquery.min.map",
      "AssetKind": "All",
      "AssetMode": "All",
      "AssetRole": "Primary",
      "AssetMergeBehavior": "PreferTarget",
      "AssetMergeSource": "",
      "RelatedAsset": "",
      "AssetTraitName": "",
      "AssetTraitValue": "",
      "CopyToOutputDirectory": "Never",
      "CopyToPublishDirectory": "PreserveNewest",
      "OriginalItemSpec": "wwwroot\\lib\\jquery\\dist\\jquery.min.map"
    },
    {
      "Identity": "C:\\Users\\partha.bora\\source\\repos\\SpecflowDemo\\EFDemo\\wwwroot\\lib\\jquery\\LICENSE.txt",
      "SourceId": "EFDemo",
      "SourceType": "Discovered",
      "ContentRoot": "C:\\Users\\partha.bora\\source\\repos\\SpecflowDemo\\EFDemo\\wwwroot\\",
      "BasePath": "_content/EFDemo",
      "RelativePath": "lib/jquery/LICENSE.txt",
      "AssetKind": "All",
      "AssetMode": "All",
      "AssetRole": "Primary",
      "AssetMergeBehavior": "PreferTarget",
      "AssetMergeSource": "",
      "RelatedAsset": "",
      "AssetTraitName": "",
      "AssetTraitValue": "",
      "CopyToOutputDirectory": "Never",
      "CopyToPublishDirectory": "PreserveNewest",
      "OriginalItemSpec": "wwwroot\\lib\\jquery\\LICENSE.txt"
    },
    {
      "Identity": "C:\\Users\\partha.bora\\source\\repos\\SpecflowDemo\\EFDemo\\wwwroot\\lib\\jquery-validation\\dist\\additional-methods.js",
      "SourceId": "EFDemo",
      "SourceType": "Discovered",
      "ContentRoot": "C:\\Users\\partha.bora\\source\\repos\\SpecflowDemo\\EFDemo\\wwwroot\\",
      "BasePath": "_content/EFDemo",
      "RelativePath": "lib/jquery-validation/dist/additional-methods.js",
      "AssetKind": "All",
      "AssetMode": "All",
      "AssetRole": "Primary",
      "AssetMergeBehavior": "PreferTarget",
      "AssetMergeSource": "",
      "RelatedAsset": "",
      "AssetTraitName": "",
      "AssetTraitValue": "",
      "CopyToOutputDirectory": "Never",
      "CopyToPublishDirectory": "PreserveNewest",
      "OriginalItemSpec": "wwwroot\\lib\\jquery-validation\\dist\\additional-methods.js"
    },
    {
      "Identity": "C:\\Users\\partha.bora\\source\\repos\\SpecflowDemo\\EFDemo\\wwwroot\\lib\\jquery-validation\\dist\\additional-methods.min.js",
      "SourceId": "EFDemo",
      "SourceType": "Discovered",
      "ContentRoot": "C:\\Users\\partha.bora\\source\\repos\\SpecflowDemo\\EFDemo\\wwwroot\\",
      "BasePath": "_content/EFDemo",
      "RelativePath": "lib/jquery-validation/dist/additional-methods.min.js",
      "AssetKind": "All",
      "AssetMode": "All",
      "AssetRole": "Primary",
      "AssetMergeBehavior": "PreferTarget",
      "AssetMergeSource": "",
      "RelatedAsset": "",
      "AssetTraitName": "",
      "AssetTraitValue": "",
      "CopyToOutputDirectory": "Never",
      "CopyToPublishDirectory": "PreserveNewest",
      "OriginalItemSpec": "wwwroot\\lib\\jquery-validation\\dist\\additional-methods.min.js"
    },
    {
      "Identity": "C:\\Users\\partha.bora\\source\\repos\\SpecflowDemo\\EFDemo\\wwwroot\\lib\\jquery-validation\\dist\\jquery.validate.js",
      "SourceId": "EFDemo",
      "SourceType": "Discovered",
      "ContentRoot": "C:\\Users\\partha.bora\\source\\repos\\SpecflowDemo\\EFDemo\\wwwroot\\",
      "BasePath": "_content/EFDemo",
      "RelativePath": "lib/jquery-validation/dist/jquery.validate.js",
      "AssetKind": "All",
      "AssetMode": "All",
      "AssetRole": "Primary",
      "AssetMergeBehavior": "PreferTarget",
      "AssetMergeSource": "",
      "RelatedAsset": "",
      "AssetTraitName": "",
      "AssetTraitValue": "",
      "CopyToOutputDirectory": "Never",
      "CopyToPublishDirectory": "PreserveNewest",
      "OriginalItemSpec": "wwwroot\\lib\\jquery-validation\\dist\\jquery.validate.js"
    },
    {
      "Identity": "C:\\Users\\partha.bora\\source\\repos\\SpecflowDemo\\EFDemo\\wwwroot\\lib\\jquery-validation\\dist\\jquery.validate.min.js",
      "SourceId": "EFDemo",
      "SourceType": "Discovered",
      "ContentRoot": "C:\\Users\\partha.bora\\source\\repos\\SpecflowDemo\\EFDemo\\wwwroot\\",
      "BasePath": "_content/EFDemo",
      "RelativePath": "lib/jquery-validation/dist/jquery.validate.min.js",
      "AssetKind": "All",
      "AssetMode": "All",
      "AssetRole": "Primary",
      "AssetMergeBehavior": "PreferTarget",
      "AssetMergeSource": "",
      "RelatedAsset": "",
      "AssetTraitName": "",
      "AssetTraitValue": "",
      "CopyToOutputDirectory": "Never",
      "CopyToPublishDirectory": "PreserveNewest",
      "OriginalItemSpec": "wwwroot\\lib\\jquery-validation\\dist\\jquery.validate.min.js"
    },
    {
      "Identity": "C:\\Users\\partha.bora\\source\\repos\\SpecflowDemo\\EFDemo\\wwwroot\\lib\\jquery-validation\\LICENSE.md",
      "SourceId": "EFDemo",
      "SourceType": "Discovered",
      "ContentRoot": "C:\\Users\\partha.bora\\source\\repos\\SpecflowDemo\\EFDemo\\wwwroot\\",
      "BasePath": "_content/EFDemo",
      "RelativePath": "lib/jquery-validation/LICENSE.md",
      "AssetKind": "All",
      "AssetMode": "All",
      "AssetRole": "Primary",
      "AssetMergeBehavior": "PreferTarget",
      "AssetMergeSource": "",
      "RelatedAsset": "",
      "AssetTraitName": "",
      "AssetTraitValue": "",
      "CopyToOutputDirectory": "Never",
      "CopyToPublishDirectory": "PreserveNewest",
      "OriginalItemSpec": "wwwroot\\lib\\jquery-validation\\LICENSE.md"
    },
    {
      "Identity": "C:\\Users\\partha.bora\\source\\repos\\SpecflowDemo\\EFDemo\\wwwroot\\lib\\jquery-validation-unobtrusive\\jquery.validate.unobtrusive.js",
      "SourceId": "EFDemo",
      "SourceType": "Discovered",
      "ContentRoot": "C:\\Users\\partha.bora\\source\\repos\\SpecflowDemo\\EFDemo\\wwwroot\\",
      "BasePath": "_content/EFDemo",
      "RelativePath": "lib/jquery-validation-unobtrusive/jquery.validate.unobtrusive.js",
      "AssetKind": "All",
      "AssetMode": "All",
      "AssetRole": "Primary",
      "AssetMergeBehavior": "PreferTarget",
      "AssetMergeSource": "",
      "RelatedAsset": "",
      "AssetTraitName": "",
      "AssetTraitValue": "",
      "CopyToOutputDirectory": "Never",
      "CopyToPublishDirectory": "PreserveNewest",
      "OriginalItemSpec": "wwwroot\\lib\\jquery-validation-unobtrusive\\jquery.validate.unobtrusive.js"
    },
    {
      "Identity": "C:\\Users\\partha.bora\\source\\repos\\SpecflowDemo\\EFDemo\\wwwroot\\lib\\jquery-validation-unobtrusive\\jquery.validate.unobtrusive.min.js",
      "SourceId": "EFDemo",
      "SourceType": "Discovered",
      "ContentRoot": "C:\\Users\\partha.bora\\source\\repos\\SpecflowDemo\\EFDemo\\wwwroot\\",
      "BasePath": "_content/EFDemo",
      "RelativePath": "lib/jquery-validation-unobtrusive/jquery.validate.unobtrusive.min.js",
      "AssetKind": "All",
      "AssetMode": "All",
      "AssetRole": "Primary",
      "AssetMergeBehavior": "PreferTarget",
      "AssetMergeSource": "",
      "RelatedAsset": "",
      "AssetTraitName": "",
      "AssetTraitValue": "",
      "CopyToOutputDirectory": "Never",
      "CopyToPublishDirectory": "PreserveNewest",
      "OriginalItemSpec": "wwwroot\\lib\\jquery-validation-unobtrusive\\jquery.validate.unobtrusive.min.js"
    },
    {
      "Identity": "C:\\Users\\partha.bora\\source\\repos\\SpecflowDemo\\EFDemo\\wwwroot\\lib\\jquery-validation-unobtrusive\\LICENSE.txt",
      "SourceId": "EFDemo",
      "SourceType": "Discovered",
      "ContentRoot": "C:\\Users\\partha.bora\\source\\repos\\SpecflowDemo\\EFDemo\\wwwroot\\",
      "BasePath": "_content/EFDemo",
      "RelativePath": "lib/jquery-validation-unobtrusive/LICENSE.txt",
      "AssetKind": "All",
      "AssetMode": "All",
      "AssetRole": "Primary",
      "AssetMergeBehavior": "PreferTarget",
      "AssetMergeSource": "",
      "RelatedAsset": "",
      "AssetTraitName": "",
      "AssetTraitValue": "",
      "CopyToOutputDirectory": "Never",
      "CopyToPublishDirectory": "PreserveNewest",
      "OriginalItemSpec": "wwwroot\\lib\\jquery-validation-unobtrusive\\LICENSE.txt"
    }
  ]
}